{
  "id": 0,
  "data": [
    [43.0, 52.0, 29.0]
  ],
  "samples": 124.0,
  "impurity": 1.545860030917306,
  "name": "类黄酮<=2.2595298264827983",
  "kind": "雪莉",
  "children": [{
    "id": 1,
    "data": [
      [1.0, 35.0, 29.0]
    ],
    "samples": 65.0,
    "impurity": 1.093039283001171,
    "name": "颜色强度<=9.079734409157393",
    "kind": "雪莉",
    "children": [{
      "id": 2,
      "data": [
        [1.0, 35.0, 20.0]
      ],
      "samples": 56.0,
      "impurity": 1.058007288292942,
      "name": "颜色强度<=7.201249485038816",
      "kind": "雪莉",
      "children": [{
        "id": 3,
        "data": [
          [1.0, 35.0, 12.0]
        ],
        "samples": 48.0,
        "impurity": 0.9486196756851625,
        "name": "类黄酮<=1.2263534107908503",
        "kind": "雪莉",
        "children": [{
          "id": 4,
          "data": [
            [0.0, 3.0, 11.0]
          ],
          "samples": 14.0,
          "impurity": 0.74959525725948,
          "name": "颜色强度<=3.843834902897211",
          "kind": "贝尔摩德",
          "children": [{
            "id": 5,
            "data": [
              [0.0, 3.0, 0.0]
            ],
            "samples": 3.0,
            "impurity": 0.0,
            "name": "最终结果",
            "kind": "雪莉",
            "children": null
          }, {
            "id": 6,
            "data": [
              [0.0, 0.0, 11.0]
            ],
            "samples": 11.0,
            "impurity": 0.0,
            "name": "最终结果",
            "kind": "贝尔摩德",
            "children": null
          }]
        }, {
          "id": 7,
          "data": [
            [1.0, 32.0, 1.0]
          ],
          "samples": 34.0,
          "impurity": 0.381580488309163,
          "name": "稀释葡萄酒<=1.5277741739237636",
          "kind": "雪莉",
          "children": [{
            "id": 8,
            "data": [
              [0.0, 0.0, 1.0]
            ],
            "samples": 1.0,
            "impurity": 0.0,
            "name": "最终结果",
            "kind": "贝尔摩德",
            "children": null
          }, {
            "id": 9,
            "data": [
              [1.0, 32.0, 0.0]
            ],
            "samples": 33.0,
            "impurity": 0.19590927087360493,
            "name": "脯氨酸<=1252.0207544122918",
            "kind": "雪莉",
            "children": [{
              "id": 10,
              "data": [
                [0.0, 32.0, 0.0]
              ],
              "samples": 32.0,
              "impurity": 0.0,
              "name": "最终结果",
              "kind": "雪莉",
              "children": null
            }, {
              "id": 11,
              "data": [
                [1.0, 0.0, 0.0]
              ],
              "samples": 1.0,
              "impurity": 0.0,
              "name": "最终结果",
              "kind": "琴酒",
              "children": null
            }]
          }]
        }]
      }, {
        "id": 12,
        "data": [
          [0.0, 0.0, 8.0]
        ],
        "samples": 8.0,
        "impurity": 0.0,
        "name": "最终结果",
        "kind": "贝尔摩德",
        "children": null
      }]
    }, {
      "id": 13,
      "data": [
        [0.0, 0.0, 9.0]
      ],
      "samples": 9.0,
      "impurity": 0.0,
      "name": "最终结果",
      "kind": "贝尔摩德",
      "children": null
    }]
  }, {
    "id": 14,
    "data": [
      [42.0, 17.0, 0.0]
    ],
    "samples": 59.0,
    "impurity": 0.8663006754980498,
    "name": "颜色强度<=4.819921860995564",
    "kind": "琴酒",
    "children": [{
      "id": 15,
      "data": [
        [12.0, 16.0, 0.0]
      ],
      "samples": 28.0,
      "impurity": 0.9852281360342516,
      "name": "颜色强度<=3.530315620169795",
      "kind": "雪莉",
      "children": [{
        "id": 16,
        "data": [
          [1.0, 11.0, 0.0]
        ],
        "samples": 12.0,
        "impurity": 0.41381685030363374,
        "name": "稀释葡萄酒<=3.7090194734086763",
        "kind": "雪莉",
        "children": [{
          "id": 17,
          "data": [
            [0.0, 11.0, 0.0]
          ],
          "samples": 11.0,
          "impurity": 0.0,
          "name": "最终结果",
          "kind": "雪莉",
          "children": null
        }, {
          "id": 18,
          "data": [
            [1.0, 0.0, 0.0]
          ],
          "samples": 1.0,
          "impurity": 0.0,
          "name": "最终结果",
          "kind": "琴酒",
          "children": null
        }]
      }, {
        "id": 19,
        "data": [
          [11.0, 5.0, 0.0]
        ],
        "samples": 16.0,
        "impurity": 0.8960382325345575,
        "name": "酒精<=13.184414047343024",
        "kind": "琴酒",
        "children": [{
          "id": 20,
          "data": [
            [4.0, 5.0, 0.0]
          ],
          "samples": 9.0,
          "impurity": 0.9910760598382222,
          "name": "酒精<=12.58481915002448",
          "kind": "雪莉",
          "children": [{
            "id": 21,
            "data": [
              [0.0, 4.0, 0.0]
            ],
            "samples": 4.0,
            "impurity": 0.0,
            "name": "最终结果",
            "kind": "雪莉",
            "children": null
          }, {
            "id": 22,
            "data": [
              [4.0, 1.0, 0.0]
            ],
            "samples": 5.0,
            "impurity": 0.7219280948873623,
            "name": "总酚<=2.3848982888706667",
            "kind": "琴酒",
            "children": [{
              "id": 23,
              "data": [
                [0.0, 1.0, 0.0]
              ],
              "samples": 1.0,
              "impurity": 0.0,
              "name": "最终结果",
              "kind": "雪莉",
              "children": null
            }, {
              "id": 24,
              "data": [
                [4.0, 0.0, 0.0]
              ],
              "samples": 4.0,
              "impurity": 0.0,
              "name": "最终结果",
              "kind": "琴酒",
              "children": null
            }]
          }]
        }, {
          "id": 25,
          "data": [
            [7.0, 0.0, 0.0]
          ],
          "samples": 7.0,
          "impurity": 0.0,
          "name": "最终结果",
          "kind": "琴酒",
          "children": null
        }]
      }]
    }, {
      "id": 26,
      "data": [
        [30.0, 1.0, 0.0]
      ],
      "samples": 31.0,
      "impurity": 0.20559250818508304,
      "name": "灰的碱性<=25.83136962369614",
      "kind": "琴酒",
      "children": [{
        "id": 27,
        "data": [
          [30.0, 0.0, 0.0]
        ],
        "samples": 30.0,
        "impurity": 0.0,
        "name": "最终结果",
        "kind": "琴酒",
        "children": null
      }, {
        "id": 28,
        "data": [
          [0.0, 1.0, 0.0]
        ],
        "samples": 1.0,
        "impurity": 0.0,
        "name": "最终结果",
        "kind": "雪莉",
        "children": null
      }]
    }]
  }]
}